{
    "epoch": 8.0,
    "eval_gen_len": 129.0,
    "eval_loss": 1.6777918338775635,
    "eval_rouge1": 45.623,
    "eval_rouge2": 20.0555,
    "eval_rougeL": 30.4303,
    "eval_rougeLsum": 30.5537,
    "eval_runtime": 31.0948,
    "eval_samples_per_second": 0.804,
    "eval_steps_per_second": 0.225,
    "total_flos": 978114784002048.0,
    "train_loss": 2.210714349746704,
    "train_runtime": 84.5181,
    "train_samples_per_second": 18.836,
    "train_steps_per_second": 2.366
}